{
    "__comment": "JimStoneCraft - 2016",
    "variants": {
        "facing=south,in_wall=false,open=false": { "model": "acacia_fence_gate_closed", "uvlock": true, "y": 0 },
        "facing=west,in_wall=false,open=false":  { "model": "acacia_fence_gate_closed", "uvlock": true, "y": 90 },
        "facing=north,in_wall=false,open=false": { "model": "acacia_fence_gate_closed", "uvlock": true, "y": 180 },
        "facing=east,in_wall=false,open=false":  { "model": "acacia_fence_gate_closed", "uvlock": true, "y": 270 },
        "facing=south,in_wall=false,open=true": { "model": "acacia_fence_gate_open", "uvlock": true, "y": 0 },
        "facing=west,in_wall=false,open=true":  { "model": "acacia_fence_gate_open", "uvlock": true, "y": 90 },
        "facing=north,in_wall=false,open=true": { "model": "acacia_fence_gate_open", "uvlock": true, "y": 180 },
        "facing=east,in_wall=false,open=true":  { "model": "acacia_fence_gate_open", "uvlock": true, "y": 270 },
        "facing=south,in_wall=true,open=false": { "model": "acacia_wall_gate_closed", "uvlock": true, "y": 0 },
        "facing=west,in_wall=true,open=false":  { "model": "acacia_wall_gate_closed", "uvlock": true, "y": 90 },
        "facing=north,in_wall=true,open=false": { "model": "acacia_wall_gate_closed", "uvlock": true, "y": 180 },
        "facing=east,in_wall=true,open=false":  { "model": "acacia_wall_gate_closed", "uvlock": true, "y": 270 },
        "facing=south,in_wall=true,open=true": { "model": "acacia_wall_gate_open", "uvlock": true, "y": 0 },
        "facing=west,in_wall=true,open=true":  { "model": "acacia_wall_gate_open", "uvlock": true, "y": 90 },
        "facing=north,in_wall=true,open=true": { "model": "acacia_wall_gate_open", "uvlock": true, "y": 180 },
        "facing=east,in_wall=true,open=true":  { "model": "acacia_wall_gate_open", "uvlock": true, "y": 270 }
    }
}
